{
  "layer_1": {
    "expert_topk_recall": 0.84234619140625,
    "gpu_dispatch_accuracy": 0.9639892578125,
    "gpu_miss_rate": 0.0360107421875,
    "total_test_tokens": 8192
  },
  "layer_2": {
    "expert_topk_recall": 0.8162434697151184,
    "gpu_dispatch_accuracy": 0.9906005859375,
    "gpu_miss_rate": 0.0093994140625,
    "total_test_tokens": 8192
  },
  "layer_3": {
    "expert_topk_recall": 0.6837158203125,
    "gpu_dispatch_accuracy": 0.996826171875,
    "gpu_miss_rate": 0.003173828125,
    "total_test_tokens": 8192
  },
  "layer_4": {
    "expert_topk_recall": 0.6063638925552368,
    "gpu_dispatch_accuracy": 0.994873046875,
    "gpu_miss_rate": 0.005126953125,
    "total_test_tokens": 8192
  },
  "layer_5": {
    "expert_topk_recall": 0.78570556640625,
    "gpu_dispatch_accuracy": 0.9652099609375,
    "gpu_miss_rate": 0.0347900390625,
    "total_test_tokens": 8192
  },
  "layer_6": {
    "expert_topk_recall": 0.7753499150276184,
    "gpu_dispatch_accuracy": 0.9942626953125,
    "gpu_miss_rate": 0.0057373046875,
    "total_test_tokens": 8192
  },
  "layer_7": {
    "expert_topk_recall": 0.6717326045036316,
    "gpu_dispatch_accuracy": 0.9971923828125,
    "gpu_miss_rate": 0.0028076171875,
    "total_test_tokens": 8192
  },
  "layer_8": {
    "expert_topk_recall": 0.623291015625,
    "gpu_dispatch_accuracy": 0.9935302734375,
    "gpu_miss_rate": 0.0064697265625,
    "total_test_tokens": 8192
  },
  "layer_9": {
    "expert_topk_recall": 0.67510986328125,
    "gpu_dispatch_accuracy": 0.999267578125,
    "gpu_miss_rate": 0.000732421875,
    "total_test_tokens": 8192
  },
  "layer_10": {
    "expert_topk_recall": 0.7833455204963684,
    "gpu_dispatch_accuracy": 0.9990234375,
    "gpu_miss_rate": 0.0009765625,
    "total_test_tokens": 8192
  },
  "layer_11": {
    "expert_topk_recall": 0.76080322265625,
    "gpu_dispatch_accuracy": 0.9888916015625,
    "gpu_miss_rate": 0.0111083984375,
    "total_test_tokens": 8192
  },
  "layer_12": {
    "expert_topk_recall": 0.7554524540901184,
    "gpu_dispatch_accuracy": 0.994384765625,
    "gpu_miss_rate": 0.005615234375,
    "total_test_tokens": 8192
  },
  "layer_13": {
    "expert_topk_recall": 0.8932291269302368,
    "gpu_dispatch_accuracy": 0.9844970703125,
    "gpu_miss_rate": 0.0155029296875,
    "total_test_tokens": 8192
  },
  "layer_14": {
    "expert_topk_recall": 0.7439371347427368,
    "gpu_dispatch_accuracy": 0.9998779296875,
    "gpu_miss_rate": 0.0001220703125,
    "total_test_tokens": 8192
  },
  "layer_15": {
    "expert_topk_recall": 0.8713581562042236,
    "gpu_dispatch_accuracy": 0.998779296875,
    "gpu_miss_rate": 0.001220703125,
    "total_test_tokens": 8192
  },
  "layer_16": {
    "expert_topk_recall": 0.9161173105239868,
    "gpu_dispatch_accuracy": 0.9864501953125,
    "gpu_miss_rate": 0.0135498046875,
    "total_test_tokens": 8192
  },
  "layer_17": {
    "expert_topk_recall": 0.84039306640625,
    "gpu_dispatch_accuracy": 0.9930419921875,
    "gpu_miss_rate": 0.0069580078125,
    "total_test_tokens": 8192
  },
  "layer_18": {
    "expert_topk_recall": 0.8712158203125,
    "gpu_dispatch_accuracy": 0.90283203125,
    "gpu_miss_rate": 0.09716796875,
    "total_test_tokens": 8192
  },
  "layer_19": {
    "expert_topk_recall": 0.7956339120864868,
    "gpu_dispatch_accuracy": 0.9754638671875,
    "gpu_miss_rate": 0.0245361328125,
    "total_test_tokens": 8192
  },
  "layer_20": {
    "expert_topk_recall": 0.8875121474266052,
    "gpu_dispatch_accuracy": 0.981201171875,
    "gpu_miss_rate": 0.018798828125,
    "total_test_tokens": 8192
  },
  "layer_21": {
    "expert_topk_recall": 0.8680012822151184,
    "gpu_dispatch_accuracy": 0.986328125,
    "gpu_miss_rate": 0.013671875,
    "total_test_tokens": 8192
  },
  "layer_22": {
    "expert_topk_recall": 0.8906656503677368,
    "gpu_dispatch_accuracy": 0.996337890625,
    "gpu_miss_rate": 0.003662109375,
    "total_test_tokens": 8192
  },
  "layer_23": {
    "expert_topk_recall": 0.8501383066177368,
    "gpu_dispatch_accuracy": 0.9869384765625,
    "gpu_miss_rate": 0.0130615234375,
    "total_test_tokens": 8192
  },
  "layer_24": {
    "expert_topk_recall": 0.8805134892463684,
    "gpu_dispatch_accuracy": 0.9676513671875,
    "gpu_miss_rate": 0.0323486328125,
    "total_test_tokens": 8192
  },
  "layer_25": {
    "expert_topk_recall": 0.9533894062042236,
    "gpu_dispatch_accuracy": 0.94384765625,
    "gpu_miss_rate": 0.05615234375,
    "total_test_tokens": 8192
  },
  "layer_26": {
    "expert_topk_recall": 0.8581746220588684,
    "gpu_dispatch_accuracy": 1.0,
    "gpu_miss_rate": 0.0,
    "total_test_tokens": 8192
  }
}